<?xml version="1.0" encoding="utf-8"?>
<odoo>
    <record id="request_type_upgrade" model="request.type">
        <field name="name">Upgrade request</field>
        <field name="code">saas_tech_upgrade</field>
        <field name="help_html"><![CDATA[
            Specify what you want to upgrade
        ]]></field>
        <field name="category_ids" eval="[(4, ref('request_category_demo_website_tech'), 0)]"/>
        <field name="kind_id" ref="request_kind_demo_wsd"/>
        <field name="website_published" eval="True"/>
    </record>

    <!-- Upgrade request type stages -->
    <record id="request_stage_type_upgrade_draft" model="request.stage">
        <field name="sequence" eval="1"/>
        <field name="name">Draft</field>
        <field name="code">draft</field>
        <field name="request_type_id" ref="request_type_upgrade"/>
    </record>
    <record id="request_stage_type_upgrade_accepted" model="request.stage">
        <field name="sequence" eval="2"/>
        <field name="name">Accepted</field>
        <field name="code">accepted</field>
        <field name="request_type_id" ref="request_type_upgrade"/>
    </record>
    <record id="request_stage_type_upgrade_rejected" model="request.stage">
        <field name="sequence" eval="2"/>
        <field name="name">Rejected</field>
        <field name="code">rejected</field>
        <field name="request_type_id" ref="request_type_upgrade"/>
    </record>
    <record id="request_stage_type_upgrade_upgraded" model="request.stage">
        <field name="sequence" eval="5"/>
        <field name="name">Upgraded</field>
        <field name="code">upgraded</field>
        <field name="request_type_id" ref="request_type_upgrade"/>
        <field name="closed" eval="True"/>
    </record>

    <!-- Upgrade request type routes -->
    <record id="request_stage_route_type_upgrade_draft_to_accepted"
            model="request.stage.route">
        <field name="stage_from_id" ref="request_stage_type_upgrade_draft"/>
        <field name="stage_to_id" ref="request_stage_type_upgrade_accepted"/>
        <field name="request_type_id" ref="request_type_upgrade"/>
    </record>
    <record id="request_stage_route_type_upgrade_draft_to_rejected"
            model="request.stage.route">
        <field name="stage_from_id" ref="request_stage_type_upgrade_draft"/>
        <field name="stage_to_id" ref="request_stage_type_upgrade_rejected"/>
        <field name="request_type_id" ref="request_type_upgrade"/>
    </record>
    <record id="request_stage_route_type_upgrade_accepted_to_upgraded"
            model="request.stage.route">
        <field name="stage_from_id" ref="request_stage_type_upgrade_accepted"/>
        <field name="stage_to_id" ref="request_stage_type_upgrade_upgraded"/>
        <field name="request_type_id" ref="request_type_upgrade"/>
    </record>

    <record id="demo_request_request_upgrade_request_1" model="request.request">
        <field name="request_text"><![CDATA[
            <h1>Please, upgrade odoo version on my saas databases!</h1>
        ]]></field>
        <field name="type_id" ref="request_type_upgrade"/>
        <field name="created_by_id" ref="user_demo_service_desk_website"/>
    </record>
</odoo>
